"","PCON19NM","density","PCON19CD","log_density"
"1","Aldershot",19.8606219161844,"E14000530",2.98873897314104
"2","Aldridge-Brownhills",17.6565606079538,"E14000531",2.87110742014689
"3","Altrincham and Sale West",20.0899264684227,"E14000532",3.00021851871177
"4","Amber Valley",7.36876476175806,"E14000533",1.99725008859356
"5","Arundel and South Downs",1.58373649481366,"E14000534",0.459786925269521
"6","Ashfield",9.98321446675295,"E14000535",2.30090512932026
"7","Ashford",2.47502097096824,"E14000536",0.906248869103237
"8","Ashton-under-Lyne",33.6426538476761,"E14000537",3.51579472163867
"9","Aylesbury",6.7740194363009,"E14000538",1.91309462364167
"10","Banbury",2.71642710392564,"E14000539",0.999317452092289
"11","Barking",69.0600624406667,"E14000540",4.23497659611242
"12","Barnsley Central",19.0520492209983,"E14000541",2.94717466644348
"13","Barnsley East",10.9999539191742,"E14000542",2.39789108362362
"14","Barrow and Furness",3.08482477215635,"E14000543",1.12649485579485
"15","Basildon and Billericay",16.0895342485767,"E14000544",2.77816901394622
"16","Basingstoke",19.5457569811731,"E14000545",2.97275822866495
"17","Bassetlaw",2.25359931498422,"E14000546",0.812528633614866
"18","Bath",34.0091715924744,"E14000547",3.52663024095927
"19","Batley and Spen",20.3062823849489,"E14000548",3.01093031526066
"20","Battersea",116.931819287542,"E14000549",4.76159102380603
"21","Beaconsfield",5.82694534575698,"E14000550",1.76249290863471
"22","Beckenham",27.0404212931682,"E14000551",3.29733283142204
"23","Bedford",31.4898406562323,"E14000552",3.44966497496143
"24","Bermondsey and Old Southwark",142.754276290558,"E14000553",4.96112480458871
"25","Berwick-upon-Tweed",0.320215246389986,"E14000554",-1.13876186434389
"26","Bethnal Green and Bow",166.929967160173,"E14000555",5.11757436613915
"27","Beverley and Holderness",1.2989927315817,"E14000556",0.261589142277661
"28","Bexhill and Battle",2.0317497083329,"E14000557",0.708897347096546
"29","Bexleyheath and Crayford",44.0668482457885,"E14000558",3.78570775929594
"30","Birkenhead",36.0852032753343,"E14000559",3.58588289974474
"31","Birmingham, Edgbaston",37.3889367592841,"E14000560",3.62137485208521
"32","Birmingham, Erdington",47.3527864451056,"E14000561",3.85762566573812
"33","Birmingham, Hall Green",60.5437796896309,"E14000562",4.10336673457552
"34","Birmingham, Hodge Hill",62.9493316694128,"E14000563",4.14233014358591
"35","Birmingham, Ladywood",57.9747523791027,"E14000564",4.06000761196564
"36","Birmingham, Northfield",42.3598730802571,"E14000565",3.74620152451193
"37","Birmingham, Perry Barr",45.0489592636398,"E14000566",3.8077498819815
"38","Birmingham, Selly Oak",50.585804469759,"E14000567",3.92367099285766
"39","Birmingham, Yardley",50.1549904264116,"E14000568",3.91511801945539
"40","Bishop Auckland",0.976433655310169,"E14000569",-0.0238484722841499
"41","Blackburn",27.3531263477774,"E14000570",3.30883083121191
"42","Blackley and Broughton",43.8835606706451,"E14000571",3.78153977775403
"43","Blackpool North and Cleveleys",36.1229666175044,"E14000572",3.58692885744368
"44","Blackpool South",39.4723829303269,"E14000573",3.67560126105548
"45","Blaydon",7.94536068924572,"E14000574",2.07258819722702
"46","Blyth Valley",12.0597339758297,"E14000575",2.48987213266683
"47","Bognor Regis and Littlehampton",17.6125583041982,"E14000576",2.86861218760673
"48","Bolsover",4.4301485608786,"E14000577",1.4884331186818
"49","Bolton North East",27.5764885249824,"E14000578",3.31696354464302
"50","Bolton South East",29.1664177361626,"E14000579",3.3730179698989
"51","Bolton West",13.4747790317389,"E14000580",2.60081971827388
"52","Bootle",38.8668761318083,"E14000581",3.66014237455987
"53","Boston and Skegness",1.53249811174088,"E14000582",0.426899156684486
"54","Bosworth",3.67729964859644,"E14000583",1.30217869168207
"55","Bournemouth East",41.6294236305595,"E14000584",3.72880721606082
"56","Bournemouth West",38.6887284661972,"E14000585",3.65554830350959
"57","Bracknell",15.2369206468984,"E14000586",2.72372147255204
"58","Bradford East",42.1592917865941,"E14000587",3.74145510586133
"59","Bradford South",24.6235070305656,"E14000588",3.20370155701981
"60","Bradford West",33.9572640114855,"E14000589",3.52510279316479
"61","Braintree",2.16840392920686,"E14000590",0.773991380432871
"62","Brent Central",81.3739055296389,"E14000591",4.39905465072571
"63","Brent North",65.463597662169,"E14000592",4.18149422726597
"64","Brentford and Isleworth",52.2156522271263,"E14000593",3.95538230103661
"65","Brentwood and Ongar",3.06391671850184,"E14000594",1.11969407086333
"66","Bridgwater and West Somerset",1.05926506839153,"E14000595",0.0575753359522886
"67","Brigg and Goole",1.39453743016918,"E14000596",0.332562769008209
"68","Brighton, Kemptown",24.330985915493,"E14000597",3.19175067860051
"69","Brighton, Pavilion",39.0920142296791,"E14000598",3.66591820648141
"70","Bristol East",42.5179680118774,"E14000599",3.74992676333552
"71","Bristol North West",24.0104310504847,"E14000600",3.17848836302847
"72","Bristol South",46.2105922755164,"E14000601",3.83320904184216
"73","Bristol West",82.9127801754142,"E14000602",4.41778921401574
"74","Broadland",1.30619292024509,"E14000603",0.2671167383562
"75","Bromley and Chislehurst",32.8276954883639,"E14000604",3.49127253375161
"76","Bromsgrove",4.603479306904,"E14000605",1.5268123886567
"77","Broxbourne",15.3466545836287,"E14000606",2.73089750784569
"78","Broxtowe",15.0106550175861,"E14000607",2.7087602834398
"79","Buckingham",1.24729813013707,"E14000608",0.220979716019942
"80","Burnley",8.03368147157674,"E14000609",2.08364288760029
"81","Burton",4.4584437932355,"E14000610",1.49479977985986
"82","Bury North",17.6801645067639,"E14000611",2.87244336184743
"83","Bury South",20.8058290503024,"E14000612",3.03523319024959
"84","Bury St Edmunds",2.36844909507557,"E14000613",0.862235350676806
"85","Calder Valley",3.43162912101278,"E14000614",1.23303511081331
"86","Camberwell and Peckham",115.3206275666,"E14000615",4.74771631471342
"87","Camborne and Redruth",3.36855561205125,"E14000616",1.21448405072307
"88","Cambridge",31.9557995168682,"E14000617",3.46435368287587
"89","Cannock Chase",12.7736661824027,"E14000618",2.54738572221634
"90","Canterbury",4.84945670596098,"E14000619",1.57886667928526
"91","Carlisle",4.12401046638079,"E14000620",1.41682610407118
"92","Carshalton and Wallington",40.5067908085827,"E14000621",3.70146963434272
"93","Castle Point",20.2303378960681,"E14000622",3.00718335376227
"94","Central Devon",0.668345211865864,"E14000623",-0.402950454702139
"95","Central Suffolk and North Ipswich",1.29119022147715,"E14000624",0.255564445299443
"96","Charnwood",6.08200403787887,"E14000625",1.80533425316138
"97","Chatham and Aylesford",16.7061790668348,"E14000626",2.81577865499019
"98","Cheadle",23.9530022528643,"E14000627",3.17609367102629
"99","Chelmsford",26.4554146212584,"E14000628",3.27546084893252
"100","Chelsea and Fulham",132.030608796408,"E14000629",4.88303378052651
"101","Cheltenham",28.3208888101317,"E14000630",3.34359965287159
"102","Chesham and Amersham",4.8916160168517,"E14000631",1.58752272268615
"103","Chesterfield",19.959963511048,"E14000632",2.99372844277784
"104","Chichester",1.79902399133295,"E14000633",0.587244290806629
"105","Chingford and Woodford Green",49.62443113521,"E14000634",3.90448327567132
"106","Chippenham",5.94049128249489,"E14000635",1.7817918374452
"107","Chipping Barnet",34.3689208134006,"E14000636",3.53715269128239
"108","Chorley",6.77781106740505,"E14000637",1.91365419840938
"109","Christchurch",8.06762263040259,"E14000638",2.08785884537417
"110","Cities of London and Westminster",82.1979336396868,"E14000639",4.40913016354284
"111","City of Chester",7.29289473250573,"E14000640",1.98690054985236
"112","City of Durham",5.60339655630501,"E14000641",1.723372941789
"113","Clacton",6.90794413575612,"E14000642",1.93267207336061
"114","Cleethorpes",2.84928482552327,"E14000643",1.04706802437736
"115","Colchester",27.4251399857055,"E14000644",3.3114601104584
"116","Colne Valley",6.23384932336946,"E14000645",1.82999401091661
"117","Congleton",4.62500450225871,"E14000646",1.53147734442526
"118","Copeland",0.670940538096509,"E14000647",-0.399074762782899
"119","Corby",2.25684139685951,"E14000648",0.813966223704514
"120","Coventry North East",47.372421719796,"E14000649",3.85804023912048
"121","Coventry North West",29.4635579713531,"E14000650",3.38315417670037
"122","Coventry South",39.2333307990572,"E14000651",3.66952666100315
"123","Crawley",24.995775073825,"E14000652",3.21870681353959
"124","Crewe and Nantwich",8.20261589080605,"E14000653",2.1044531144709
"125","Croydon Central",47.7074274125929,"E14000654",3.86508709672843
"126","Croydon North",83.6151437517791,"E14000655",4.42622464904203
"127","Croydon South",27.1463223064129,"E14000656",3.3012415788773
"128","Dagenham and Rainham",27.5917454707005,"E14000657",3.31751665084208
"129","Darlington",30.6538702246368,"E14000658",3.42275892601379
"130","Dartford",13.8051662819865,"E14000659",2.62504289036474
"131","Daventry",1.37843466712278,"E14000660",0.320948556178508
"132","Denton and Reddish",33.9536622114595,"E14000661",3.52499671892226
"133","Derby North",34.611278860524,"E14000662",3.54417960757205
"134","Derby South",37.4991592116769,"E14000663",3.62431851170306
"135","Derbyshire Dales",0.892578556726146,"E14000664",-0.113640750460985
"136","Devizes",1.01041368647002,"E14000665",0.0103598375582313
"137","Dewsbury",9.08276790940949,"E14000666",2.20637898199825
"138","Don Valley",4.03443796148252,"E14000667",1.39486700118547
"139","Doncaster Central",18.3963782795837,"E14000668",2.91215381260954
"140","Doncaster North",3.86832465742267,"E14000669",1.3528215082525
"141","Dover",4.8376613977863,"E14000670",1.57643142168281
"142","Dudley North",37.1819986304813,"E14000671",3.61582473637518
"143","Dudley South",32.1414075338012,"E14000672",3.47014515318371
"144","Dulwich and West Norwood",78.2090598440375,"E14000673",4.35938549562371
"145","Ealing Central and Acton",68.9103314492124,"E14000674",4.23280611524309
"146","Ealing North",51.4260785847524,"E14000675",3.94014540925689
"147","Ealing, Southall",68.7203593148468,"E14000676",4.23004550634171
"148","Easington",7.00844435976647,"E14000677",1.94711575912484
"149","East Devon",3.24507080132646,"E14000678",1.17713716850862
"150","East Ham",87.255869216978,"E14000679",4.46884482778258
"151","East Hampshire",2.16440785558507,"E14000680",0.772146816231467
"152","East Surrey",4.39032701092426,"E14000681",1.47940371427281
"153","East Worthing and Shoreham",18.0467428278725,"E14000682",2.89296521574589
"154","East Yorkshire",0.97841099283976,"E14000683",-0.0218254591451462
"155","Eastbourne",20.250038670464,"E14000684",3.00815670320327
"156","Eastleigh",15.4450676771951,"E14000685",2.73728970817999
"157","Eddisbury",1.29543144016162,"E14000686",0.258843798092515
"158","Edmonton",65.590133777444,"E14000687",4.18342528490478
"159","Ellesmere Port and Neston",7.15440099259696,"E14000688",1.9677276907892
"160","Elmet and Rothwell",4.07324996626186,"E14000689",1.40444119831807
"161","Eltham",44.2014152603597,"E14000690",3.78875680803619
"162","Enfield North",29.4452702013833,"E14000691",3.38253329283204
"163","Enfield, Southgate",41.1083625505759,"E14000692",3.71621156918915
"164","Epping Forest",8.00582356929667,"E14000693",2.08016922301762
"165","Epsom and Ewell",21.5162496738469,"E14000694",3.06880844844512
"166","Erewash",16.1855670103093,"E14000695",2.78411991983897
"167","Erith and Thamesmead",52.4155356131711,"E14000696",3.95920302855253
"168","Esher and Walton",14.429336307301,"E14000697",2.66926337777799
"169","Exeter",30.6869858935243,"E14000698",3.4238386524539
"170","Fareham",16.1191849665567,"E14000699",2.78001017541296
"171","Faversham and Mid Kent",2.59741263727471,"E14000700",0.954515810037646
"172","Feltham and Heston",45.2648308281391,"E14000701",3.81253036955466
"173","Filton and Bradley Stoke",13.0260622843372,"E14000702",2.56695214165256
"174","Finchley and Golders Green",64.2278180568969,"E14000703",4.16243641991418
"175","Folkestone and Hythe",2.72821688181,"E14000704",1.00364823895085
"176","Forest of Dean",1.56445545153226,"E14000705",0.447537809149487
"177","Fylde",4.99996837246426,"E14000706",1.60943158690695
"178","Gainsborough",0.818090707630479,"E14000707",-0.200782059003366
"179","Garston and Halewood",19.5629713712136,"E14000708",2.97363856366317
"180","Gateshead",39.6234080152749,"E14000709",3.67942005511969
"181","Gedling",25.0236653651808,"E14000710",3.21982199171837
"182","Gillingham and Rainham",33.7776110365163,"E14000711",3.51979818763889
"183","Gloucester",31.7567119743159,"E14000712",3.45810410376256
"184","Gosport",27.2438884261512,"E14000713",3.30482921801579
"185","Grantham and Stamford",1.63318598215452,"E14000714",0.490532697371418
"186","Gravesham",10.8028685349117,"E14000715",2.3798117039478
"187","Great Grimsby",31.3962540479246,"E14000716",3.44668858796086
"188","Great Yarmouth",5.6981325158836,"E14000717",1.74013849236611
"189","Greenwich and Woolwich",79.7356723336646,"E14000718",4.37871706826653
"190","Guildford",6.15145425622198,"E14000719",1.81668851829146
"191","Hackney North and Stoke Newington",158.540514891692,"E14000720",5.06601017511215
"192","Hackney South and Shoreditch",137.629294375632,"E14000721",4.92456379801203
"193","Halesowen and Rowley Regis",30.0950876957194,"E14000722",3.40436195895858
"194","Halifax",18.4332987280388,"E14000723",2.91415874253683
"195","Haltemprice and Howden",2.08949382551657,"E14000724",0.736921847896234
"196","Halton",19.4355554069496,"E14000725",2.96710414156242
"197","Hammersmith",104.89525987784,"E14000726",4.65296232732542
"198","Hampstead and Kilburn",118.56463006374,"E14000727",4.77545821327968
"199","Harborough",5.23860726161848,"E14000728",1.65605567323712
"200","Harlow",12.2560122472284,"E14000729",2.50601661228204
"201","Harrogate and Knaresborough",6.97982409363673,"E14000730",1.94302371497201
"202","Harrow East",45.7678518705977,"E14000731",3.82358192043323
"203","Harrow West",62.2363129180063,"E14000732",4.13093863836614
"204","Hartlepool",9.99470722186771,"E14000733",2.30205567506387
"205","Harwich and North Essex",2.48749449737386,"E14000734",0.911275977937152
"206","Hastings and Rye",6.30422761463169,"E14000735",1.84122045828569
"207","Havant",20.2805991102032,"E14000736",3.00966472020986
"208","Hayes and Harlington",28.6465445841133,"E14000737",3.35503282800268
"209","Hazel Grove",13.7835153581861,"E14000738",2.62347333887058
"210","Hemel Hempstead",10.2671804728115,"E14000739",2.32895244611223
"211","Hemsworth",6.67801951097868,"E14000740",1.89882146319714
"212","Hendon",45.7215608317884,"E14000741",3.8225699772719
"213","Henley",1.46936199051894,"E14000742",0.384828286521539
"214","Hereford and South Herefordshire",1.40315568829116,"E14000743",0.338723763097219
"215","Hertford and Stortford",7.37435118773589,"E14000744",1.99800792381161
"216","Hertsmere",10.3748509317876,"E14000745",2.33938469799307
"217","Hexham",0.320621871043419,"E14000746",-1.13749282203363
"218","Heywood and Middleton",14.952516383639,"E14000747",2.70487960564833
"219","High Peak",1.7187641428103,"E14000748",0.541605510943062
"220","Hitchin and Harpenden",4.07925289666449,"E14000749",1.40591385808611
"221","Holborn and St Pancras",124.069610562857,"E14000750",4.82084278359967
"222","Hornchurch and Upminster",19.3679564758785,"E14000751",2.96361997241506
"223","Hornsey and Wood Green",77.3600734359897,"E14000752",4.34847080042057
"224","Horsham",3.34216802526919,"E14000753",1.20661970577028
"225","Houghton and Sunderland South",13.4546835827699,"E14000754",2.5993272672
"226","Hove",43.4369126675855,"E14000755",3.77130960191182
"227","Huddersfield",21.4737370109099,"E14000756",3.06683065407609
"228","Huntingdon",3.66856570108328,"E14000757",1.29980076853404
"229","Hyndburn",10.3068239099968,"E14000758",2.33280619140273
"230","Ilford North",38.3274312176519,"E14000759",3.64616585960565
"231","Ilford South",93.4772062859842,"E14000760",4.53771762353712
"232","Ipswich",35.9131712301166,"E14000761",3.58110411484056
"233","Isle of Wight",3.73460149604283,"E14000762",1.31764111839261
"234","Islington North",160.550918649396,"E14000763",5.07861114240888
"235","Islington South and Finsbury",165.82488429951,"E14000764",5.11093231768492
"236","Jarrow",17.723048661507,"E14000765",2.8748659767391
"237","Keighley",5.94256836881762,"E14000766",1.78214142524579
"238","Kenilworth and Southam",1.38802065132701,"E14000767",0.327878740451604
"239","Kensington",126.688235622246,"E14000768",4.84172923078437
"240","Kettering",4.35890374701432,"E14000769",1.47222059157505
"241","Kingston and Surbiton",45.3212302811316,"E14000770",3.81377558232999
"242","Kingston upon Hull East",31.0346504052618,"E14000771",3.43510433527057
"243","Kingston upon Hull North",39.6107171827644,"E14000772",3.67909971757353
"244","Kingston upon Hull West and Hessle",36.8677137135027,"E14000773",3.60733620092558
"245","Kingswood",21.3142311277226,"E14000774",3.05937497767929
"246","Knowsley",19.8612128469448,"E14000775",2.98876872658843
"247","Lancaster and Fleetwood",2.1213222288123,"E14000776",0.752039587104367
"248","Leeds Central",38.6054654308568,"E14000777",3.65339385792063
"249","Leeds East",30.2745484556649,"E14000778",3.41030737456872
"250","Leeds North East",23.5221415998683,"E14000779",3.15794217330139
"251","Leeds North West",13.8062254216253,"E14000780",2.62511960794932
"252","Leeds West",31.3493532943635,"E14000781",3.44519363829721
"253","Leicester East",50.0092328172976,"E14000782",3.91220764472721
"254","Leicester South",60.8274917982487,"E14000783",4.10804185450945
"255","Leicester West",37.7228439512177,"E14000784",3.63026585129684
"256","Leigh",15.8652713451095,"E14000785",2.764132528268
"257","Lewes",2.53380605948486,"E14000786",0.929722543644341
"258","Lewisham East",75.6349335282809,"E14000787",4.32591826016511
"259","Lewisham West and Penge",73.4518854836676,"E14000788",4.29663057259221
"260","Lewisham, Deptford",106.262931786643,"E14000789",4.66591651133146
"261","Leyton and Wanstead",72.3273356627372,"E14000790",4.28120214432952
"262","Lichfield",2.97391897503909,"E14000791",1.08988060322805
"263","Lincoln",17.6966872409951,"E14000792",2.87337746053718
"264","Liverpool, Riverside",57.0078164585877,"E14000793",4.04318838928539
"265","Liverpool, Walton",46.9148419476262,"E14000794",3.84833408482717
"266","Liverpool, Wavertree",55.9707345624817,"E14000795",4.02482895703515
"267","Liverpool, West Derby",45.2556585335099,"E14000796",3.81232771279208
"268","Loughborough",8.5180232549234,"E14000797",2.14218430158927
"269","Louth and Horncastle",0.731339409821801,"E14000798",-0.312877618068639
"270","Ludlow",0.557996122247224,"E14000799",-0.583403266002708
"271","Luton North",53.2067798053787,"E14000800",3.97418582817855
"272","Luton South",21.4797726404999,"E14000801",3.06711168487794
"273","Macclesfield",3.09904105707425,"E14000802",1.13109272720906
"274","Maidenhead",5.83821300445986,"E14000803",1.7644247576279
"275","Maidstone and The Weald",4.94415880538293,"E14000804",1.59820684046941
"276","Makerfield",18.0506151910019,"E14000805",2.89317976680207
"277","Maldon",2.48496403044162,"E14000806",0.910258184772451
"278","Manchester Central",58.9611621493439,"E14000807",4.07687895849659
"279","Manchester, Gorton",68.8376695523355,"E14000808",4.23175111766653
"280","Manchester, Withington",51.2786392937583,"E14000809",3.93727427742725
"281","Mansfield",14.2525969106965,"E14000810",2.65693912945821
"282","Meon Valley",2.38555538011863,"E14000811",0.869431961013139
"283","Meriden",7.79905979306654,"E14000812",2.05400318707965
"284","Mid Bedfordshire",2.51323754577814,"E14000813",0.921571780866122
"285","Mid Derbyshire",9.10168319765227,"E14000814",2.20845936319353
"286","Mid Dorset and North Poole",4.73193746345171,"E14000815",1.55433473035927
"287","Mid Norfolk",1.42286332123842,"E14000816",0.352671264767602
"288","Mid Sussex",6.0823051129997,"E14000817",1.80538375455388
"289","Mid Worcestershire",2.38721454518075,"E14000818",0.870127223996655
"290","Middlesbrough",33.0023783457284,"E14000819",3.49657962995216
"291","Middlesbrough South and East Cleveland",4.77621508995472,"E14000820",1.56364841066139
"292","Milton Keynes North",5.81626645442065,"E14000821",1.7606585532156
"293","Milton Keynes South",17.0833348990489,"E14000822",2.83810342100205
"294","Mitcham and Morden",64.8822191684199,"E14000823",4.17257361342103
"295","Mole Valley",2.63047634720361,"E14000824",0.967164950399052
"296","Morecambe and Lunesdale",3.68732432881634,"E14000825",1.30490108088811
"297","Morley and Outwood",14.571330714801,"E14000826",2.6790559485555
"298","New Forest East",2.36723879737357,"E14000827",0.861724211532573
"299","New Forest West",2.42415840072564,"E14000828",0.885484412906065
"300","Newark",1.50366760211261,"E14000829",0.407907191867874
"301","Newbury",1.87679563695199,"E14000830",0.629565874187173
"302","Newcastle upon Tyne Central",45.0171345058711,"E14000831",3.80704318409417
"303","Newcastle upon Tyne East",53.7053725806621,"E14000832",3.98351304456737
"304","Newcastle upon Tyne North",13.1972875879514,"E14000833",2.58001132271598
"305","Newcastle-under-Lyme",11.6458961094042,"E14000834",2.45495385266453
"306","Newton Abbot",4.56947961406601,"E14000835",1.519399328415
"307","Normanton, Pontefract and Castleford",13.2960240754673,"E14000836",2.58746504884155
"308","North Cornwall",0.791573615451038,"E14000837",-0.233732396467318
"309","North Devon",0.894638404277098,"E14000838",-0.111335659911856
"310","North Dorset",1.11890044760106,"E14000839",0.112346459868155
"311","North Durham",8.48916039275624,"E14000840",2.13879010176467
"312","North East Bedfordshire",2.19109806192289,"E14000841",0.78440281630867
"313","North East Cambridgeshire",1.66081305074866,"E14000842",0.507307272068301
"314","North East Derbyshire",4.03533785039031,"E14000843",1.39509002817718
"315","North East Hampshire",2.55069736115173,"E14000844",0.936366796744335
"316","North East Hertfordshire",2.02216060415351,"E14000845",0.704166545808755
"317","North East Somerset",3.01885638498261,"E14000846",1.10487807919989
"318","North Herefordshire",0.626506633308674,"E14000847",-0.467595916819106
"319","North Norfolk",1.19983475493763,"E14000848",0.182183843093215
"320","North Shropshire",1.18720878210935,"E14000849",0.171604990732925
"321","North Somerset",4.49617479727719,"E14000850",1.5032269902336
"322","North Swindon",10.6352922144797,"E14000851",2.36417792495358
"323","North Thanet",7.29846235760133,"E14000852",1.98766369002246
"324","North Tyneside",24.1466248955155,"E14000853",3.18414461445254
"325","North Warwickshire",3.52289366773767,"E14000854",1.25928271659809
"326","North West Cambridgeshire",1.81225356587911,"E14000855",0.59457113484989
"327","North West Durham",1.35700597607112,"E14000856",0.305280784727428
"328","North West Hampshire",1.86304910481256,"E14000857",0.622214449196169
"329","North West Leicestershire",3.70929383760531,"E14000858",1.31084151823423
"330","North West Norfolk",1.2392341194856,"E14000859",0.214493543219212
"331","North Wiltshire",1.34324868462687,"E14000860",0.295091071379611
"332","Northampton North",39.1038423363408,"E14000861",3.66622073163482
"333","Northampton South",30.867438289401,"E14000862",3.42970185124827
"334","Norwich North",24.9676412628638,"E14000863",3.21758063698893
"335","Norwich South",36.0869716230767,"E14000864",3.58593190333221
"336","Nottingham East",59.7556933604191,"E14000865",4.09026447263901
"337","Nottingham North",42.8130154445944,"E14000866",3.75684215553174
"338","Nottingham South",37.2132370778202,"E14000867",3.61666453340996
"339","Nuneaton",11.463436079838,"E14000868",2.43916249879243
"340","Old Bexley and Sidcup",36.382117133266,"E14000869",3.59407736637379
"341","Oldham East and Saddleworth",10.3360987187027,"E14000870",2.33564249795271
"342","Oldham West and Royton",35.2017769995298,"E14000871",3.56109656427102
"343","Orpington",11.7234826592349,"E14000872",2.46159389523182
"344","Oxford East",39.6931823751409,"E14000873",3.68117944436023
"345","Oxford West and Abingdon",8.60734578065068,"E14000874",2.15261599921272
"346","Pendle",5.43818311596227,"E14000875",1.69344501904575
"347","Penistone and Stocksbridge",3.04301407188105,"E14000876",1.11284849524888
"348","Penrith and The Border",0.266973446377844,"E14000877",-1.32060607729592
"349","Peterborough",7.11239195059423,"E14000878",1.96183860785646
"350","Plymouth, Moor View",28.662287625172,"E14000879",3.35558223865538
"351","Plymouth, Sutton and Devonport",53.7606631371269,"E14000880",3.98454203127883
"352","Poole",31.766134795525,"E14000881",3.4584007787939
"353","Poplar and Limehouse",161.979495788809,"E14000882",5.08746975801694
"354","Portsmouth North",36.9075002968064,"E14000883",3.608414790468
"355","Portsmouth South",85.8977793653629,"E14000884",4.45315797726331
"356","Preston",36.62971158421,"E14000885",3.60085970300078
"357","Pudsey",16.7091300908372,"E14000886",2.81595528205631
"358","Putney",78.4162221524945,"E14000887",4.36203082116275
"359","Rayleigh and Wickford",9.25424782315534,"E14000888",2.22508267023811
"360","Reading East",41.9261215634773,"E14000889",3.7359090590146
"361","Reading West",20.4151024285105,"E14000890",3.01627494207516
"362","Redcar",12.0848749119098,"E14000891",2.49195466341175
"363","Redditch",6.12892526844574,"E14000892",1.81301941132202
"364","Reigate",9.57015583628204,"E14000893",2.25864948916531
"365","Ribble Valley",1.6084577676287,"E14000894",0.475275811603859
"366","Richmond (Yorks)",0.528442878823238,"E14000895",-0.637820561209897
"367","Richmond Park",34.6667815726682,"E14000896",3.54578192506397
"368","Rochdale",13.3127152104241,"E14000897",2.58871960938022
"369","Rochester and Strood",7.66341697299025,"E14000898",2.03645796431322
"370","Rochford and Southend East",11.4458458621796,"E14000899",2.4376268573734
"371","Romford",36.2815933598667,"E14000900",3.59131054269122
"372","Romsey and Southampton North",2.18670824122537,"E14000901",0.782397326862653
"373","Rossendale and Darwen",4.54507828825382,"E14000902",1.51404495261945
"374","Rother Valley",5.82790813707476,"E14000903",1.76265812586741
"375","Rhondda",6.9808389539202,"W07000052",1.94316910352294
"376","Torfaen",7.18206086492258,"W07000053",1.97158637041607
"377","Monmouth",1.04461012312066,"W07000054",0.043643727879351
"378","Newport East",6.73656363767083,"W07000055",1.90754994886563
"379","Newport West",9.34193644745044,"W07000056",2.234513559172
"380","Arfon",1.53936241499745,"W07000057",0.431368314461729
"381","Aberconwy",0.981205431690098,"W07000058",-0.0189734308506929
"382","Clwyd West",0.798073280776246,"W07000059",-0.22555485520182
"383","Vale of Clwyd",3.35306340182514,"W07000060",1.20987437628985
"384","Dwyfor Meirionnydd",0.290281310620752,"W07000061",-1.23690478955982
"385","Clwyd South",1.16272964657136,"W07000062",0.150770384407569
"386","Montgomeryshire",0.290943473799957,"W07000063",-1.23462627878937
"387","Ceredigion",0.407138576653169,"W07000064",-0.898601668313466
"388","Preseli Pembrokeshire",0.674599923355553,"W07000065",-0.39363546996925
"389","Carmarthen West and South Pembrokeshire",0.768879030399623,"W07000066",-0.262821629523434
"390","Carmarthen East and Dinefwr",0.470218589004669,"W07000067",-0.754557609406947
"391","Brecon and Radnorshire",0.230038595508469,"W07000068",-1.46950817757833
"392","Neath",2.81167194845847,"W07000069",1.03377930585508
"393","Cynon Valley",3.91135740755567,"W07000070",1.36388447680784
"394","Merthyr Tydfil and Rhymney",4.73611248638479,"W07000071",1.55521664864779
"395","Blaenau Gwent",6.42538589380298,"W07000072",1.86025669026997
"396","Bridgend",10.0911227058522,"W07000073",2.31165609733832
"397","Ogmore",3.89630551048852,"W07000074",1.3600287991557
"398","Pontypridd",7.87207708127047,"W07000075",2.06332195153007
"399","Caerphilly",7.7054084512452,"W07000076",2.04192247856044
"400","Islwyn",6.83999939281757,"W07000077",1.92278764286509
"401","Vale of Glamorgan",3.28575552897656,"W07000078",1.18959661909227
"402","Cardiff West",18.4726619354181,"W07000079",2.91629190593906
"403","Cardiff South and Penarth",25.3605119042744,"W07000080",3.23319331486508
"404","Rotherham",20.501084396663,"E14000904",3.02047778214354
"405","Rugby",4.2446149952793,"E14000905",1.4456511196029
"406","Ruislip, Northwood and Pinner",19.731774068127,"E14000906",2.98223023328197
"407","Runnymede and Weybridge",11.9201853616321,"E14000907",2.47823321198879
"408","Rushcliffe",3.28301752593651,"E14000908",1.18876297689586
"409","Rutland and Melton",0.952535076319925,"E14000909",-0.0486283471265949
"410","Saffron Walden",1.46038414302142,"E14000910",0.378699512770951
"411","Salford and Eccles",38.7513862284504,"E14000911",3.65716652879693
"412","Salisbury",1.5966126197186,"E14000912",0.467884272318707
"413","Scarborough and Whitby",1.31604077847652,"E14000913",0.27462781910733
"414","Scunthorpe",5.0739565985337,"E14000914",1.62412090744198
"415","Sedgefield",2.31233143480837,"E14000915",0.838256294691777
"416","Sefton Central",9.92829183759154,"E14000916",2.29538844287635
"417","Selby and Ainsty",1.23961190311497,"E14000917",0.214798349269165
"418","Sevenoaks",3.92488534522236,"E14000918",1.36733713939939
"419","Sheffield Central",68.0228146311221,"E14000919",4.21984315818666
"420","Sheffield South East",21.3124774449657,"E14000920",3.05929269674245
"421","Sheffield, Brightside and Hillsborough",41.1643960699806,"E14000921",3.71757370968396
"422","Sheffield, Hallam",6.77863367333437,"E14000922",1.91377555853677
"423","Sheffield, Heeley",37.6559156827007,"E14000923",3.62849006494987
"424","Sherwood",3.32900220418887,"E14000924",1.20267262071008
"425","Shipley",10.0914853289862,"E14000925",2.31169203155786
"426","Shrewsbury and Atcham",1.81133452827981,"E14000926",0.594063882041281
"427","Sittingbourne and Sheppey",5.06457400044063,"E14000927",1.62227002763647
"428","Skipton and Ripon",0.480288677117583,"E14000928",-0.733367945193484
"429","Sleaford and North Hykeham",1.06441593219499,"E14000929",0.0624262282496912
"430","Slough",53.1239202719521,"E14000930",3.97262730274537
"431","Solihull",31.4342038907652,"E14000931",3.44789659594618
"432","Somerton and Frome",1.14167927071691,"E14000932",0.132500223029147
"433","South Basildon and East Thurrock",7.730529077155,"E14000933",2.04517730490846
"434","South Cambridgeshire",1.87410029691692,"E14000934",0.628128702617221
"435","South Derbyshire",3.17221044163879,"E14000935",1.15442864508987
"436","South Dorset",2.53787143658084,"E14000936",0.931325712603668
"437","South East Cambridgeshire",1.62246494016579,"E14000937",0.483946560836165
"438","South East Cornwall",1.26310071610356,"E14000938",0.233569583738932
"439","South Holland and The Deepings",1.39957885145831,"E14000939",0.336171370978761
"440","South Leicestershire",3.79832212771835,"E14000940",1.33455942388522
"441","South Norfolk",1.41250029071854,"E14000941",0.345361389856877
"442","South Northamptonshire",1.97595734780415,"E14000942",0.681053013973355
"443","South Ribble",5.05070776465663,"E14000943",1.61952838488413
"444","South Shields",34.1729922142938,"E14000944",3.53143563075376
"445","South Staffordshire",3.56481307296596,"E14000945",1.27111161854091
"446","South Suffolk",1.47692990975418,"E14000946",0.389965547957556
"447","South Swindon",8.81593937092487,"E14000947",2.17656137522322
"448","South Thanet",7.91894712765351,"E14000948",2.06925825856165
"449","South West Bedfordshire",9.03749397742621,"E14000949",2.20138192108645
"450","South West Devon",2.443996030112,"E14000950",0.893634416967604
"451","South West Hertfordshire",6.36071001669315,"E14000951",1.85014000896582
"452","South West Norfolk",0.83510197710456,"E14000952",-0.180201433319397
"453","South West Surrey",4.17943616900494,"E14000953",1.43017634964063
"454","South West Wiltshire",1.40064872722539,"E14000954",0.336935505884998
"455","Southampton, Itchen",54.1768842541857,"E14000955",3.9922543276978
"456","Southampton, Test",50.9273763309042,"E14000956",3.93040062437035
"457","Southend West",47.4678278092282,"E14000957",3.86005217228364
"458","Southport",19.8230520941836,"E14000958",2.98684550767131
"459","Spelthorne",22.242915701301,"E14000959",3.10202356246651
"460","St Albans",15.4613321671925,"E14000960",2.73834220808814
"461","St Austell and Newquay",2.73323716224359,"E14000961",1.00548668043808
"462","St Helens North",11.9004747875746,"E14000962",2.47657829743709
"463","St Helens South and Whiston",16.1214122665868,"E14000963",2.78014834283074
"464","St Ives",1.64311089678392,"E14000964",0.496591333298291
"465","Stafford",3.42309706523935,"E14000965",1.23054571592057
"466","Staffordshire Moorlands",1.53179863938795,"E14000966",0.426442626249033
"467","Stalybridge and Hyde",15.0349600580743,"E14000967",2.71037815984064
"468","Stevenage",15.5035422068296,"E14000968",2.74106852728919
"469","Stockport",41.1195378381338,"E14000969",3.71648338173875
"470","Stockton North",7.66989872729323,"E14000970",2.03730341154926
"471","Stockton South",12.4341551997969,"E14000971",2.52044713765737
"472","Stoke-on-Trent Central",28.8560829537234,"E14000972",3.36232081834494
"473","Stoke-on-Trent North",23.6235477035822,"E14000973",3.16224399862603
"474","Stoke-on-Trent South",27.3045251830317,"E14000974",3.30705244607485
"475","Stone",1.3996357974699,"E14000975",0.336212058113365
"476","Stourbridge",33.0520162879285,"E14000976",3.49808257163588
"477","Stratford-on-Avon",1.42318335948206,"E14000977",0.352896164975428
"478","Streatham",118.763103728878,"E14000978",4.7771307840175
"479","Stretford and Urmston",21.6981938290227,"E14000979",3.07722902339671
"480","Stroud",2.76492636958438,"E14000980",1.01701400517466
"481","Suffolk Coastal",1.37889434318856,"E14000981",0.321281977448383
"482","Sunderland Central",35.0113706843085,"E14000982",3.55567288542293
"483","Surrey Heath",10.1317193809319,"E14000983",2.31567103544043
"484","Sutton and Cheam",56.1692062869226,"E14000984",4.02836867589301
"485","Sutton Coldfield",16.3192896192877,"E14000985",2.79234782035866
"486","Tamworth",5.32789211654281,"E14000986",1.67295568463647
"487","Tatton",2.61608247572415,"E14000987",0.961677960515461
"488","Taunton Deane",2.59620604411647,"E14000988",0.954051165536781
"489","Telford",19.573362256137,"E14000989",2.97416957330074
"490","Tewkesbury",3.00054583480322,"E14000990",1.09879421705254
"491","The Cotswolds",0.833132149211857,"E14000991",-0.182563006886454
"492","The Wrekin",2.81863827600957,"E14000992",1.03625388747785
"493","Thirsk and Malton",0.479739214315356,"E14000993",-0.734512626232706
"494","Thornbury and Yate",2.35886835841444,"E14000994",0.858181994889821
"495","Thurrock",19.3797629127858,"E14000995",2.9642293727854
"496","Tiverton and Honiton",1.15286483901711,"E14000996",0.14225000893162
"497","Tonbridge and Malling",3.60942064061692,"E14000997",1.28354727210158
"498","Tooting",97.5266653608504,"E14000998",4.5801258314925
"499","Torbay",28.0916722125596,"E14000999",3.33547316987328
"500","Torridge and West Devon",0.600141348144103,"E14001000",-0.510590071270487
"501","Totnes",1.53206585098224,"E14001001",0.426617054064497
"502","Tottenham",107.533881934198,"E14001002",4.67780597869193
"503","Truro and Falmouth",2.18560428924223,"E14001003",0.781892352893429
"504","Tunbridge Wells",4.37639628265316,"E14001004",1.47622561921267
"505","Twickenham",40.5540654561419,"E14001005",3.70263603339394
"506","Tynemouth",26.5447333396213,"E14001006",3.27883136038794
"507","Uxbridge and South Ruislip",37.1658803723641,"E14001007",3.61539114610776
"508","Vauxhall",145.081422593167,"E14001008",4.97729511994401
"509","Wakefield",12.9493916906132,"E14001009",2.56104881334443
"510","Wallasey",38.8331085897843,"E14001010",3.65927319693337
"511","Walsall North",37.4520215062553,"E14001011",3.62306068731164
"512","Walsall South",32.3705736913621,"E14001012",3.47724979071475
"513","Walthamstow",73.7295780914012,"E14001013",4.3004040496388
"514","Wansbeck",6.09545530969246,"E14001014",1.80754346230764
"515","Wantage",2.10700403551859,"E14001015",0.745267050111431
"516","Warley",51.4755182263821,"E14001016",3.94110632039853
"517","Warrington North",10.6175348705433,"E14001017",2.36250686745168
"518","Warrington South",12.6611763308011,"E14001018",2.53854032952439
"519","Warwick and Leamington",11.4190439014004,"E14001019",2.4352824793045
"520","Washington and Sunderland West",20.5479741433943,"E14001020",3.02276235425278
"521","Watford",33.1854864882408,"E14001021",3.50211262637414
"522","Waveney",4.25654726032156,"E14001022",1.44845832937479
"523","Wealden",1.9324787562087,"E14001023",0.65880350851278
"524","Weaver Vale",5.46660985696473,"E14001024",1.6986586540894
"525","Wellingborough",6.8862932217555,"E14001025",1.92953294631521
"526","Wells",1.93344802127332,"E14001026",0.659304948473093
"527","Welwyn Hatfield",10.3141622777422,"E14001027",2.33351792923994
"528","Wentworth and Dearne",11.0043745500858,"E14001028",2.39829288011354
"529","West Bromwich East",33.7927044441011,"E14001029",3.52024493434204
"530","West Bromwich West",35.0581987487269,"E14001030",3.55700950192476
"531","West Dorset",0.965178903159941,"E14001031",-0.0354418029505144
"532","West Ham",108.761005310224,"E14001032",4.68915286310353
"533","West Lancashire",3.73716463383257,"E14001033",1.31832720461258
"534","West Suffolk",1.47930071509331,"E14001034",0.391569486315729
"535","West Worcestershire",1.37574829265,"E14001035",0.3189977959248
"536","Westminster North",170.7890220836,"E14001036",5.14042900577361
"537","Westmorland and Lonsdale",0.640777852091679,"E14001037",-0.445072446728421
"538","Weston-Super-Mare",7.72601761158353,"E14001038",2.04459354376305
"539","Wigan",17.478722173561,"E14001039",2.86098426535626
"540","Wimbledon",47.1431471889475,"E14001040",3.85318865787911
"541","Winchester",3.14364945261596,"E14001041",1.14538437109112
"542","Windsor",7.30570896858168,"E14001042",1.98865609300284
"543","Wirral South",11.3916047633694,"E14001043",2.43287665984106
"544","Wirral West",14.4580966130389,"E14001044",2.67125457687968
"545","Witham",2.53121708228159,"E14001045",0.928700247257422
"546","Witney",1.5487065067985,"E14001046",0.437420070789487
"547","Woking",10.9122885349501,"E14001047",2.38988954273742
"548","Wokingham",7.28983960507924,"E14001048",1.98648154373177
"549","Wolverhampton North East",37.258220209943,"E14001049",3.61787259725702
"550","Wolverhampton South East",38.356109048752,"E14001050",3.64691381235633
"551","Wolverhampton South West",38.2952978950507,"E14001051",3.64532711828549
"552","Worcester",30.4170009706083,"E14001052",3.41500169454861
"553","Workington",1.18704040542603,"E14001053",0.171463155002717
"554","Worsley and Eccles South",17.5040355632439,"E14001054",2.86243145795848
"555","Worthing West",32.8711304324985,"E14001055",3.49259477809476
"556","Wycombe",7.96476555387709,"E14001056",2.07502750838732
"557","Wyre and Preston North",3.44539649067188,"E14001057",1.23703898947498
"558","Wyre Forest",5.18367871232735,"E14001058",1.64551498034063
"559","Wythenshawe and Sale East",29.6560103106606,"E14001059",3.38966481352374
"560","Yeovil",2.78515779493566,"E14001060",1.02430453063799
"561","York Central",48.425064406924,"E14001061",3.88001753932674
"562","York Outer",3.90008593157271,"E14001062",1.36099858662945
"563","Belfast East",17.4145328119152,"N06000001",2.85730507669471
"564","Belfast North",20.9453955968421,"N06000002",3.04191884163252
"565","Belfast South",25.98443106028,"N06000003",3.2574975532921
"566","Belfast West",20.9652851576337,"N06000004",3.0428679821345
"567","East Antrim",1.52482681348786,"N06000005",0.421880838684395
"568","East Londonderry",0.799397145886044,"N06000006",-0.223897403031472
"569","Fermanagh and South Tyrone",0.462314187081796,"N06000007",-0.771510560416871
"570","Foyle",5.63874305714068,"N06000008",1.7296611784634
"571","Lagan Valley",2.35862643840265,"N06000009",0.858079431973519
"572","Mid Ulster",0.85819935599261,"N06000010",-0.152918856841435
"573","Newry and Armagh",1.11846472072923,"N06000011",0.111956959858493
"574","North Antrim",0.816440165255707,"N06000012",-0.20280165124621
"575","North Down",7.98378434565677,"N06000013",2.07741252782983
"576","South Antrim",1.66859422818545,"N06000014",0.511981492403654
"577","South Down",0.913648869125692,"N06000015",-0.0903089507867005
"578","Strangford",1.41108340151359,"N06000016",0.344357779212873
"579","Upper Bann",3.37745364825209,"N06000017",1.21712206707251
"580","West Tyrone",0.468541738667515,"N06000018",-0.75813009126657
"581","Aberdeen North",21.514394680887,"S14000001",3.06872223114632
"582","Aberdeen South",11.5865030063651,"S14000002",2.44984088674714
"583","Airdrie and Shotts",3.80222869313075,"S14000003",1.3355873930018
"584","Angus",0.435381557474995,"S14000004",-0.831532488738436
"585","Argyll and Bute",0.124317984760153,"S14000005",-2.08491260259592
"586","Ayr, Carrick and Cumnock",0.567481229013115,"S14000006",-0.566547606802495
"587","Banff and Buchan",0.575220163288061,"S14000007",-0.553002418794593
"588","Berwickshire, Roxburgh and Selkirk",0.247770378271176,"S14000008",-1.39525285578967
"589","Caithness, Sutherland and Easter Ross",0.0711979602880029,"S14000009",-2.64229110861497
"590","Central Ayrshire",3.74458868873596,"S14000010",1.32031178149449
"591","Coatbridge, Chryston and Bellshill",11.4907014677982,"S14000011",2.44153814028422
"592","Cumbernauld, Kilsyth and Kirkintilloch East",4.63758254741861,"S14000012",1.53419322775759
"593","Dumfries and Galloway",0.239966467041821,"S14000013",-1.42725608606107
"594","Dumfriesshire, Clydesdale and Tweeddale",0.201376831027354,"S14000014",-1.60257734490136
"595","Dundee East",5.90466389268836,"S14000015",1.77574252892495
"596","Dundee West",7.54755511600394,"S14000016",2.02122368512323
"597","Dunfermline and West Fife",4.47519150722306,"S14000017",1.49854914572132
"598","East Dunbartonshire",9.87659246880779,"S14000018",2.29016756044984
"599","East Kilbride, Strathaven and Lesmahagow",2.53977356760796,"S14000019",0.932074930445612
"600","East Lothian",1.57675478569887,"S14000020",0.455368801723574
"601","East Renfrewshire",5.48236867250695,"S14000021",1.70153724707991
"602","Edinburgh East",42.3457928000496,"S14000022",3.74586907259881
"603","Edinburgh North and Leith",57.365449680348,"S14000023",4.04944220015262
"604","Edinburgh South",32.1451758152003,"S14000024",3.4702623870203
"605","Edinburgh South West",11.8328834706162,"S14000025",2.47088239052296
"606","Edinburgh West",10.3033904158287,"S14000026",2.33247300765747
"607","Na h-Eileanan an Iar",0.0874402259989506,"S14000027",-2.43679985049974
"608","Falkirk",6.43021118979602,"S14000028",1.86100738215744
"609","Glasgow Central",52.2722460496058,"S14000029",3.95646556194906
"610","Glasgow East",24.6817707094626,"S14000030",3.20606494320025
"611","Glasgow North",47.1955047379445,"S14000031",3.85429864945316
"612","Glasgow North East",31.6248035413032,"S14000032",3.45394173489568
"613","Glasgow North West",48.7881455886506,"S14000033",3.88748736508432
"614","Glasgow South",33.2503863582785,"S14000034",3.5040663868322
"615","Glasgow South West",33.5836151537029,"S14000035",3.51403830379701
"616","Glenrothes",4.97174255025741,"S14000036",1.60377039239179
"617","Gordon",0.68591533000887,"S14000037",-0.37700108451687
"618","Inverclyde",4.84920408853973,"S14000038",1.57881458602689
"619","Inverness, Nairn, Badenoch and Strathspey",0.219150208760869,"S14000039",-1.51799789952426
"620","Kilmarnock and Loudoun",1.38456750824585,"S14000040",0.325387822458819
"621","Kirkcaldy and Cowdenbeath",6.68265644900278,"S14000041",1.8995155805044
"622","Lanark and Hamilton East",2.70149530458186,"S14000042",0.993805436222318
"623","Linlithgow and East Falkirk",4.27398320935168,"S14000043",1.45254622833324
"624","Livingston",4.14144906528319,"S14000044",1.42104574236488
"625","Midlothian",2.61421350654359,"S14000045",0.960963289962804
"626","Moray",0.428299790185847,"S14000046",-0.847931884237544
"627","Motherwell and Wishaw",16.2149227832129,"S14000047",2.78593197768891
"628","North Ayrshire and Arran",1.14183360254922,"S14000048",0.132635393567794
"629","North East Fife",1.0872151202175,"S14000049",0.0836194912429099
"630","Ochil and South Perthshire",0.624236761920989,"S14000050",-0.471225556421179
"631","Orkney and Shetland",0.183850998590828,"S14000051",-1.69362963969764
"632","Paisley and Renfrewshire North",7.59199738788103,"S14000052",2.02709471724553
"633","Paisley and Renfrewshire South",6.18529222166692,"S14000053",1.82217425156213
"634","Perth and North Perthshire",0.261085613953672,"S14000054",-1.34290690263616
"635","Ross, Skye and Lochaber",0.0564257394565736,"S14000055",-2.87482985124126
"636","Rutherglen and Hamilton West",20.6319861755457,"S14000056",3.02684259852966
"637","Stirling",0.430778972389359,"S14000057",-0.84216014550084
"638","West Aberdeenshire and Kincardine",0.297628039100755,"S14000058",-1.21191076305293
"639","West Dunbartonshire",5.60133933295374,"S14000059",1.72300573574421
"640","Ynys Mon",0.984227737508543,"W07000041",-0.015897968150655
"641","Delyn",2.46366781520435,"W07000042",0.901651221324906
"642","Alyn and Deeside",5.54107048634398,"W07000043",1.7121877106749
"643","Wrexham",6.90633172492541,"W07000044",1.93243863212137
"644","Llanelli",3.55556803929655,"W07000045",1.2685148365095
"645","Gower",2.69384965339125,"W07000046",0.990971268484026
"646","Swansea West",25.392750952656,"W07000047",3.2344637377267
"647","Swansea East",17.2579324945585,"W07000048",2.84827189253359
"648","Aberavon",3.9037814177395,"W07000049",1.36194567767486
"649","Cardiff Central",55.8945182081664,"W07000050",4.02346631109782
"650","Cardiff North",21.3698976960513,"W07000051",3.06198328205012
